nets/lognormal_1000.onnx.gz,specs/lognormal_1000_1_3_4_6_7_8_9_10_11_12_13_14_15_16_18_19_21_22_24_26_28_30_32_34_36_37_39_40_41_43_44_46_47_49_50_51_53_54_55_57_58_59_61_62_63_64_66_67_68_71.vnnlib,100
nets/lognormal_1000.onnx.gz,specs/lognormal_1000_72_73_75_76_77_78_80_81_82_83_85_86_87_88_91_92_93_94_96_97_98_99_100_103_104_105_106_109_110_111_112_113_117_118_119_120_121_122_123_127_128_129_130_131_132_133_134_142_143_144.vnnlib,100
nets/lognormal_1000.onnx.gz,specs/lognormal_1000_145_146_147_148_149_150_151_152_153_154_155_156_157_158_176_177_178_179_180_181_182_183_188_189_190_191_193_198_199_200_201_202_207_208_211_212_213_214_217_218_219_222_223_226_227_230_231_232_233_234.vnnlib,100
nets/lognormal_1000.onnx.gz,specs/lognormal_1000_240_241_242_247_248_249_251_252_258_259_260_261_262_268_269_271_272_273_274_275_276_277_278_279_280_281_282_283_284_285_286_287_288_289_290_291_292_299_300_301_302_303_304_305_306_307_308_309_310_311.vnnlib,100
nets/lognormal_1000.onnx.gz,specs/lognormal_1000_312_313_315_321_322_323_324_325_326_327_328_329_331_332_333_334_335_337_342_343_344_345_346_350_351_352_353_354_355_357_358_359_360_361_362_364_365_366_367_368_370_376_378_379_383_385_386_387_388_389.vnnlib,100
nets/lognormal_1000.onnx.gz,specs/lognormal_1000_390_403_404_405_406_408_409_411_413_414_419_430_436_437_438_439_441_445_446_448_449_460_461_464_468_469_470_471_472_474_475_476_477_478_479_492_493_499_503_504_505_507_508_510_512_514_516_519_520_532.vnnlib,100
nets/lognormal_1000.onnx.gz,specs/lognormal_1000_533_535_536_539_541_542_543_544_545_546_548_549_550_551_552_553_554_561_562_563_564_565_566_567_568_570_571_572_573_574_575_576_578_579_580_581_583_584_586_587_588_590_591_592_593_594_595_596_597_598.vnnlib,100
nets/lognormal_1000.onnx.gz,specs/lognormal_1000_600_601_603_604_605_606_607_608_609_610_611_612_613_614_617_618_619_624_625_628_633_638_640_641_642_643_644_645_646_647_652_653_654_655_656_661_662_663_665_666_667_669_671_676_677_678_679_680_685_686.vnnlib,100
nets/lognormal_1000.onnx.gz,specs/lognormal_1000_687_689_690_692_693_695_696_697_700_701_702_706_707_708_709_712_713_714_715_716_721_722_723_724_725_726_727_728_729_730_731_732_733_734_735_736_737_738_740_744_745_746_747_752_753_754_757_758_762_765.vnnlib,100
nets/lognormal_1000.onnx.gz,specs/lognormal_1000_766_768_770_771_774_776_778_780_781_783_786_788_791_793_794_795_796_797_798_800_802_803_805_806_807_808_809_810_811_812_814_815_816_817_818_820_821_822_825_826_827_832_833_834_835_836_855_856_857_858.vnnlib,100
nets/lognormal_1000.onnx.gz,specs/lognormal_1000_862_863_864_865_866_871_872_873_874_875_876_877_878_879_880_881_882_885_886_887_888_890_891_892_893_894_895_896_897_898_913_914_915_916_919_920_921_922_923_924_925_926_927_928_929_930_931_932_933_934.vnnlib,104
