nets/piecewise_1000.onnx.gz,specs/piecewise_1000_1_2_3_4_5_6_7_8_9_10_11_12_13_14_15_16_17_18_19_20_21_22_23_25_27_29_31_33_35_37_39_41_43_45_47_49_51_53_55_57_59_60_61_62_63_64_65_66_67_68.vnnlib,54
nets/piecewise_1000.onnx.gz,specs/piecewise_1000_69_70_71_72_73_74_75_76_77_78_79_80_81_82_83_84_85_86_87_88_89_90_91_92_93_94_95_96_101_103_105_107_109_111_113_114_115_116_118_119_121_122_123_124_126_127_128_129_131_132.vnnlib,51
nets/piecewise_1000.onnx.gz,specs/piecewise_1000_134_135_136_137_139_140_141_142_144_145_147_148_149_150_152_153_154_155_157_158_160_161_162_163_165_166_167_168_170_171_173_174_175_176_178_179_180_181_183_184_185_186_187_188_189_191_193_194_195_196.vnnlib,58
nets/piecewise_1000.onnx.gz,specs/piecewise_1000_202_204_206_208_209_210_211_212_213_215_217_218_219_220_221_222_224_226_227_228_229_230_231_233_235_236_237_238_239_240_242_244_245_246_247_248_249_251_253_254_255_256_257_258_260_262_263_264_265_266.vnnlib,77
nets/piecewise_1000.onnx.gz,specs/piecewise_1000_267_269_271_272_273_274_275_276_278_280_281_282_283_284_285_287_289_290_291_292_293_294_296_302_303_304_305_306_307_308_309_310_311_312_313_314_315_316_317_318_319_320_321_322_323_324_325_326_327_329.vnnlib,71
nets/piecewise_1000.onnx.gz,specs/piecewise_1000_331_333_335_337_339_340_341_342_343_344_345_346_347_348_349_350_351_352_353_354_355_356_357_358_360_362_364_366_368_369_370_371_372_373_374_375_376_377_378_379_380_381_382_383_384_385_387_389_391_393.vnnlib,61
nets/piecewise_1000.onnx.gz,specs/piecewise_1000_395_401_402_403_404_405_406_407_408_409_411_413_415_417_418_419_420_421_422_423_424_425_426_427_428_430_432_434_436_437_438_439_440_441_442_443_444_445_446_447_449_451_453_455_456_457_458_459_460_461.vnnlib,59
nets/piecewise_1000.onnx.gz,specs/piecewise_1000_462_463_464_465_466_468_470_472_474_475_476_477_478_479_480_481_482_483_484_485_487_489_491_493_494_495_496_501_503_505_507_508_509_510_511_512_513_514_515_516_517_518_520_522_524_526_527_528_529_530.vnnlib,63
nets/piecewise_1000.onnx.gz,specs/piecewise_1000_531_532_533_534_535_537_539_541_542_543_544_545_546_547_548_550_552_554_555_556_557_558_559_560_561_562_563_565_567_569_570_571_572_573_574_575_576_577_578_580_582_584_585_586_587_588_589_590_591_592.vnnlib,70
nets/piecewise_1000.onnx.gz,specs/piecewise_1000_593_595_601_603_605_607_608_609_610_611_612_613_614_615_616_618_620_622_624_625_626_627_628_629_630_631_632_633_635_637_639_641_642_643_644_645_646_647_648_649_650_651_652_654_656_658_659_660_661_662.vnnlib,75
nets/piecewise_1000.onnx.gz,specs/piecewise_1000_663_664_665_666_667_668_669_671_673_675_676_677_678_679_680_681_682_683_684_685_686_688_690_692_693_694_695_696_701_702_703_704_705_706_707_708_709_710_711_712_713_714_715_716_718_720_721_722_723_725.vnnlib,73
nets/piecewise_1000.onnx.gz,specs/piecewise_1000_726_727_728_729_730_732_733_734_735_736_737_739_740_741_742_744_746_747_748_749_751_753_754_755_756_758_759_760_761_762_763_765_766_767_768_769_770_772_773_774_775_777_779_780_781_782_784_786_787_788.vnnlib,71
nets/piecewise_1000.onnx.gz,specs/piecewise_1000_789_790_791_793_795_801_802_803_804_805_806_807_808_809_810_812_814_815_816_817_818_819_820_821_822_823_825_827_828_829_830_831_832_833_834_835_836_838_840_841_842_843_844_845_846_847_848_849_851_853.vnnlib,75
nets/piecewise_1000.onnx.gz,specs/piecewise_1000_854_855_856_857_858_859_860_862_864_866_867_868_869_870_871_872_873_875_877_879_880_881_882_883_884_885_886_888_890_892_893_894_895_896_901_903_905_906_907_908_909_910_911_912_913_914_916_918_920_921.vnnlib,72
nets/piecewise_1000.onnx.gz,specs/piecewise_1000_922_923_924_925_926_927_928_929_931_933_935_936_937_938_939_940_941_942_943_944_946_948_950_951_952_953_954_955_956_957_958_959_961_963_965_966_967_968_969_970_971_972_973_974_976_978_980_982_983_984.vnnlib,77
